{
  "name": "quantum-data-synergy-gmail-api",
  "version": "1.0.0",
  "description": "Gmail-powered backend API for Quantum Data Synergy contact form",
  "main": "index-gmail.js",
  "scripts": {
    "start": "node index-gmail.js",
    "dev": "nodemon index-gmail.js",
    "test": "echo \"Error: no test specified\" && exit 1"
  },
  "dependencies": {
    "express": "^4.18.2",
    "nodemailer": "^6.9.7",
    "cors": "^2.8.5",
    "express-rate-limit": "^7.1.5",
    "dotenv": "^16.3.1"
  },
  "devDependencies": {
    "nodemailer": "^3.0.2"
  },
  "keywords": [
    "contact-form",
    "gmail",
    "email",
    "nodejs",
    "api",
    "smtp"
  ],
  "author": "Quantum Data Synergy",
  "license": "MIT",
  "engines": {
    "node": ">=16.0.0"
  }
}